-- Adminer 4.7.6 MySQL dump

SET NAMES utf8;
SET time_zone = '+00:00';
SET foreign_key_checks = 0;
SET sql_mode = 'NO_AUTO_VALUE_ON_ZERO';

DROP TABLE IF EXISTS `colleges`;
CREATE TABLE `colleges` (
  `college_uid` int(11) NOT NULL AUTO_INCREMENT,
  `college_abbrev` varchar(40) DEFAULT NULL,
  `college_name` varchar(150) DEFAULT NULL,
  PRIMARY KEY (`college_uid`)
) ENGINE=InnoDB DEFAULT CHARSET=latin1;

INSERT INTO `colleges` (`college_uid`, `college_abbrev`, `college_name`) VALUES
(1,	'CEIT',	'College of Engineering and Information Technology'),
(2,	'CTHM',	'College of Tourism and Hospitality Management'),
(3,	'CITTE',	'College of Industrial Technology and Teacher Education');

DROP TABLE IF EXISTS `curriculums`;
CREATE TABLE `curriculums` (
  `curriculum_uid` int(11) NOT NULL AUTO_INCREMENT,
  `curriculum_no` varchar(40) DEFAULT NULL,
  `curriculum_isLock` varchar(40) DEFAULT NULL,
  `curriculum_yearCreated` varchar(40) DEFAULT NULL,
  `curriculum_schoolYearCreated` varchar(40) DEFAULT NULL,
  `program_uid` int(11) DEFAULT NULL,
  PRIMARY KEY (`curriculum_uid`),
  KEY `programs_curriculums` (`program_uid`),
  CONSTRAINT `programs_curriculums` FOREIGN KEY (`program_uid`) REFERENCES `programs` (`program_uid`)
) ENGINE=InnoDB DEFAULT CHARSET=latin1;

INSERT INTO `curriculums` (`curriculum_uid`, `curriculum_no`, `curriculum_isLock`, `curriculum_yearCreated`, `curriculum_schoolYearCreated`, `program_uid`) VALUES
(1,	'2009-001',	'NO',	'2009',	'2009-2010',	1),
(3,	'2018-001',	'NO',	'2018',	'2018-2019',	1);

DROP TABLE IF EXISTS `curriculum_electives`;
CREATE TABLE `curriculum_electives` (
  `curricElect_uid` int(11) NOT NULL AUTO_INCREMENT,
  `curriculum_uid` int(11) DEFAULT NULL,
  `electiveSubj_uid` int(11) DEFAULT NULL,
  `electiveSubj_labUnits` int(11) DEFAULT NULL,
  `electiveSubj_lecUnits` int(11) DEFAULT NULL,
  `electiveSubj_labHours` int(11) DEFAULT NULL,
  `electiveSubj_lecHours` int(11) DEFAULT NULL,
  `electiveSubj_prerequisite1` varchar(40) DEFAULT NULL,
  `electiveSubj_prerequisite2` varchar(40) DEFAULT NULL,
  PRIMARY KEY (`curricElect_uid`),
  KEY `curriculums_curriculum_subjects` (`curriculum_uid`),
  KEY `subjects_curriculum_subjects` (`electiveSubj_uid`),
  CONSTRAINT `curriculum_electives_ibfk_1` FOREIGN KEY (`electiveSubj_uid`) REFERENCES `subjects` (`subject_uid`),
  CONSTRAINT `curriculum_electives_ibfk_2` FOREIGN KEY (`curriculum_uid`) REFERENCES `curriculums` (`curriculum_uid`)
) ENGINE=InnoDB DEFAULT CHARSET=latin1;

INSERT INTO `curriculum_electives` (`curricElect_uid`, `curriculum_uid`, `electiveSubj_uid`, `electiveSubj_labUnits`, `electiveSubj_lecUnits`, `electiveSubj_labHours`, `electiveSubj_lecHours`, `electiveSubj_prerequisite1`, `electiveSubj_prerequisite2`) VALUES
(1,	1,	63,	3,	0,	NULL,	NULL,	'29',	'none'),
(2,	1,	62,	3,	0,	NULL,	NULL,	'29',	'none'),
(3,	1,	58,	3,	0,	NULL,	NULL,	'29',	'none'),
(4,	1,	64,	3,	0,	NULL,	NULL,	'29',	'none'),
(5,	1,	65,	3,	0,	NULL,	NULL,	'29',	'none'),
(6,	3,	116,	0,	3,	3,	0,	'74',	'none'),
(7,	3,	118,	2,	1,	1,	6,	'none',	'none'),
(8,	3,	119,	1,	2,	2,	3,	'109',	'none'),
(9,	3,	121,	1,	2,	2,	3,	'99',	'none'),
(10,	3,	123,	1,	2,	2,	3,	'88',	'none'),
(11,	3,	125,	1,	2,	2,	3,	'86',	'none'),
(12,	3,	126,	1,	2,	2,	3,	'133',	'none'),
(13,	3,	129,	1,	2,	2,	3,	'97',	'none'),
(14,	3,	130,	1,	2,	2,	3,	'85',	'none');

DROP TABLE IF EXISTS `curriculum_subjects`;
CREATE TABLE `curriculum_subjects` (
  `curricSubj_uid` int(11) NOT NULL AUTO_INCREMENT,
  `curriculum_uid` int(11) DEFAULT NULL,
  `subject_uid` int(11) DEFAULT NULL,
  `curricSubj_prerequisite1` varchar(40) DEFAULT NULL,
  `curricSubj_prerequisite2` varchar(40) DEFAULT NULL,
  `curricSubj_labUnits` int(11) DEFAULT NULL,
  `curricSubj_lecUnits` int(11) DEFAULT NULL,
  `curricSubj_labHours` int(11) DEFAULT NULL,
  `curricSubj_lecHours` int(11) DEFAULT NULL,
  `curricSubj_year` varchar(40) DEFAULT NULL,
  `curricSubj_sem` varchar(40) DEFAULT NULL,
  PRIMARY KEY (`curricSubj_uid`),
  KEY `curriculums_curriculum_subjects` (`curriculum_uid`),
  KEY `subjects_curriculum_subjects` (`subject_uid`),
  CONSTRAINT `curriculums_curriculum_subjects` FOREIGN KEY (`curriculum_uid`) REFERENCES `curriculums` (`curriculum_uid`),
  CONSTRAINT `subjects_curriculum_subjects` FOREIGN KEY (`subject_uid`) REFERENCES `subjects` (`subject_uid`)
) ENGINE=InnoDB DEFAULT CHARSET=latin1;

INSERT INTO `curriculum_subjects` (`curricSubj_uid`, `curriculum_uid`, `subject_uid`, `curricSubj_prerequisite1`, `curricSubj_prerequisite2`, `curricSubj_labUnits`, `curricSubj_lecUnits`, `curricSubj_labHours`, `curricSubj_lecHours`, `curricSubj_year`, `curricSubj_sem`) VALUES
(1,	1,	4,	'none',	'none',	0,	3,	0,	3,	'first-year',	'first-sem'),
(2,	1,	5,	'none',	'none',	0,	3,	0,	3,	'first-year',	'first-sem'),
(3,	1,	6,	'none',	'none',	0,	3,	0,	3,	'first-year',	'first-sem'),
(4,	1,	7,	'none',	'none',	1,	2,	3,	2,	'first-year',	'first-sem'),
(5,	1,	8,	'none',	'none',	0,	3,	0,	3,	'first-year',	'first-sem'),
(6,	1,	9,	'none',	'none',	0,	3,	0,	3,	'first-year',	'first-sem'),
(7,	1,	10,	'none',	'none',	0,	2,	0,	2,	'first-year',	'first-sem'),
(8,	1,	11,	'none',	'none',	0,	3,	0,	3,	'first-year',	'first-sem'),
(9,	1,	12,	'4',	'5',	0,	3,	0,	3,	'first-year',	'second-sem'),
(10,	1,	13,	'4',	'none',	0,	2,	0,	2,	'first-year',	'second-sem'),
(11,	1,	14,	'4',	'7',	1,	2,	2,	3,	'first-year',	'second-sem'),
(12,	1,	15,	'none',	'none',	0,	3,	0,	3,	'first-year',	'second-sem'),
(13,	1,	16,	'6',	'none',	0,	3,	0,	3,	'first-year',	'second-sem'),
(14,	1,	17,	'8',	'none',	0,	3,	0,	3,	'first-year',	'second-sem'),
(15,	1,	18,	'9',	'none',	0,	3,	0,	3,	'first-year',	'second-sem'),
(16,	1,	19,	'10',	'none',	0,	2,	0,	2,	'first-year',	'second-sem'),
(17,	1,	20,	'none',	'none',	0,	3,	0,	3,	'first-year',	'second-sem'),
(19,	1,	21,	'7',	'none',	1,	2,	3,	2,	'second-year',	'first-sem'),
(20,	1,	22,	'14',	'none',	1,	2,	3,	2,	'second-year',	'first-sem'),
(21,	1,	23,	'none',	'none',	0,	3,	0,	3,	'second-year',	'first-sem'),
(22,	1,	24,	'none',	'none',	0,	3,	0,	3,	'second-year',	'first-sem'),
(23,	1,	25,	'14',	'none',	1,	2,	3,	2,	'second-year',	'first-sem'),
(24,	1,	26,	'16',	'none',	0,	3,	0,	3,	'second-year',	'first-sem'),
(25,	1,	27,	'10',	'none',	0,	2,	0,	2,	'second-year',	'first-sem'),
(26,	1,	28,	'25',	'none',	1,	2,	3,	2,	'second-year',	'second-sem'),
(27,	1,	29,	'22',	'none',	0,	3,	0,	3,	'second-year',	'second-sem'),
(28,	1,	30,	'13',	'23',	0,	3,	0,	3,	'second-year',	'second-sem'),
(29,	1,	31,	'21',	'22',	1,	2,	3,	2,	'second-year',	'second-sem'),
(30,	1,	32,	'22',	'none',	1,	2,	3,	2,	'second-year',	'second-sem'),
(31,	1,	33,	'none',	'none',	0,	3,	0,	3,	'second-year',	'second-sem'),
(32,	1,	34,	'10',	'none',	0,	2,	0,	2,	'second-year',	'second-sem'),
(33,	1,	35,	'none',	'none',	1,	1,	3,	1,	'third-year',	'first-sem'),
(34,	1,	36,	'29',	'none',	1,	2,	3,	2,	'third-year',	'first-sem'),
(35,	1,	37,	'none',	'none',	0,	3,	0,	3,	'third-year',	'first-sem'),
(36,	1,	38,	'31',	'none',	1,	2,	3,	2,	'third-year',	'first-sem'),
(37,	1,	39,	'32',	'none',	1,	2,	3,	2,	'third-year',	'first-sem'),
(38,	1,	40,	'none',	'none',	0,	3,	0,	3,	'third-year',	'first-sem'),
(39,	1,	63,	'21',	'22',	1,	2,	3,	2,	'third-year',	'first-sem'),
(40,	1,	42,	'29',	'none',	0,	3,	0,	3,	'third-year',	'second-sem'),
(41,	1,	43,	'none',	'none',	0,	3,	0,	3,	'third-year',	'second-sem'),
(42,	1,	44,	'36',	'none',	0,	3,	0,	3,	'third-year',	'second-sem'),
(43,	1,	45,	'36',	'none',	1,	2,	3,	2,	'third-year',	'second-sem'),
(44,	1,	46,	'none',	'none',	0,	3,	0,	0,	'third-year',	'second-sem'),
(45,	1,	47,	'35',	'none',	1,	0,	3,	2,	'third-year',	'second-sem'),
(46,	1,	48,	'5',	'none',	2,	1,	2,	3,	'third-year',	'second-sem'),
(47,	1,	49,	'none',	'none',	0,	9,	0,	0,	'third-year',	'summer-sem'),
(48,	1,	50,	'none',	'none',	1,	2,	2,	3,	'fourth-year',	'first-sem'),
(49,	1,	51,	'45',	'none',	0,	3,	0,	3,	'fourth-year',	'first-sem'),
(50,	1,	52,	'none',	'none',	0,	3,	0,	3,	'fourth-year',	'first-sem'),
(51,	1,	53,	'29',	'none',	0,	3,	0,	0,	'fourth-year',	'first-sem'),
(52,	1,	54,	'46',	'none',	0,	3,	0,	0,	'fourth-year',	'first-sem'),
(53,	1,	1,	'none',	'none',	1,	2,	3,	2,	'fourth-year',	'first-sem'),
(54,	1,	37,	'25',	'none',	1,	2,	3,	2,	'fourth-year',	'second-sem'),
(55,	1,	57,	'29',	'none',	1,	2,	3,	2,	'fourth-year',	'second-sem'),
(56,	1,	58,	'29',	'none',	1,	2,	3,	2,	'fourth-year',	'second-sem'),
(57,	1,	59,	'none',	'none',	0,	3,	0,	3,	'fourth-year',	'second-sem'),
(58,	1,	1,	'none',	'none',	1,	2,	3,	2,	'fourth-year',	'second-sem'),
(59,	1,	1,	'none',	'none',	1,	2,	3,	2,	'fourth-year',	'second-sem'),
(60,	3,	72,	'none',	'none',	0,	3,	0,	3,	'first-year',	'first-sem'),
(61,	3,	73,	'none',	'none',	0,	3,	0,	3,	'first-year',	'first-sem'),
(62,	3,	74,	'none',	'none',	1,	2,	3,	2,	'first-year',	'first-sem'),
(63,	3,	75,	'none',	'none',	1,	2,	3,	2,	'first-year',	'first-sem'),
(64,	3,	87,	'none',	'none',	0,	3,	0,	3,	'first-year',	'first-sem'),
(65,	3,	76,	'none',	'none',	0,	3,	0,	3,	'first-year',	'first-sem'),
(66,	3,	10,	'none',	'none',	0,	2,	0,	2,	'first-year',	'first-sem'),
(67,	3,	77,	'none',	'none',	0,	0,	0,	2,	'first-year',	'first-sem'),
(68,	3,	11,	'none',	'none',	0,	3,	0,	3,	'first-year',	'first-sem'),
(69,	3,	89,	'75',	'none',	1,	2,	3,	2,	'first-year',	'second-sem'),
(70,	3,	79,	'none',	'none',	0,	3,	0,	3,	'first-year',	'second-sem'),
(71,	3,	80,	'none',	'none',	1,	2,	3,	2,	'first-year',	'second-sem'),
(72,	3,	81,	'none',	'none',	0,	3,	0,	3,	'first-year',	'second-sem'),
(73,	3,	82,	'none',	'none',	0,	3,	0,	3,	'first-year',	'second-sem'),
(74,	3,	19,	'10',	'none',	0,	2,	0,	2,	'first-year',	'second-sem'),
(75,	3,	83,	'none',	'none',	0,	0,	0,	2,	'first-year',	'second-sem'),
(76,	3,	20,	'11',	'none',	0,	3,	0,	3,	'first-year',	'second-sem'),
(77,	3,	94,	'89',	'none',	1,	2,	3,	2,	'second-year',	'first-sem'),
(78,	3,	57,	'89',	'none',	1,	2,	3,	2,	'second-year',	'first-sem'),
(79,	3,	96,	'80',	'none',	1,	2,	3,	2,	'second-year',	'first-sem'),
(80,	3,	98,	'72',	'none',	0,	3,	0,	3,	'second-year',	'first-sem'),
(81,	3,	100,	'none',	'none',	0,	3,	0,	3,	'second-year',	'first-sem'),
(82,	3,	102,	'none',	'none',	0,	3,	0,	3,	'second-year',	'first-sem'),
(83,	3,	27,	'10',	'none',	0,	2,	0,	2,	'second-year',	'first-sem'),
(84,	3,	105,	'none',	'none',	0,	0,	0,	2,	'second-year',	'first-sem'),
(85,	3,	109,	'89',	'none',	1,	2,	3,	2,	'second-year',	'second-sem'),
(86,	3,	85,	'94',	'86',	1,	2,	3,	2,	'second-year',	'second-sem'),
(87,	3,	86,	'94',	'85',	1,	2,	3,	2,	'second-year',	'second-sem'),
(88,	3,	88,	'72',	'none',	1,	2,	3,	2,	'second-year',	'second-sem'),
(89,	3,	110,	'none',	'none',	0,	3,	0,	3,	'second-year',	'second-sem'),
(90,	3,	91,	'none',	'none',	0,	3,	0,	3,	'second-year',	'second-sem'),
(91,	3,	34,	'10',	'none',	0,	2,	0,	2,	'second-year',	'second-sem'),
(92,	3,	92,	'none',	'none',	0,	0,	0,	2,	'second-year',	'second-sem'),
(93,	3,	111,	'85',	'none',	1,	2,	3,	2,	'third-year',	'first-sem'),
(94,	3,	97,	'85',	'none',	1,	2,	3,	2,	'third-year',	'first-sem'),
(95,	3,	99,	'109',	'none',	1,	2,	3,	2,	'third-year',	'first-sem'),
(96,	3,	136,	'85',	'none',	1,	2,	3,	2,	'third-year',	'first-sem'),
(97,	3,	101,	'none',	'none',	0,	3,	0,	0,	'third-year',	'first-sem'),
(98,	3,	103,	'none',	'none',	0,	3,	0,	3,	'third-year',	'first-sem'),
(99,	3,	104,	'none',	'none',	0,	3,	0,	0,	'third-year',	'first-sem'),
(100,	3,	106,	'none',	'none',	0,	0,	0,	2,	'third-year',	'first-sem'),
(101,	3,	133,	'85',	'none',	1,	2,	3,	2,	'third-year',	'second-sem'),
(102,	3,	134,	'97',	'none',	1,	2,	3,	2,	'third-year',	'second-sem'),
(103,	3,	107,	'99',	'none',	1,	2,	3,	2,	'third-year',	'second-sem'),
(104,	3,	108,	'86',	'none',	0,	3,	0,	3,	'third-year',	'second-sem'),
(105,	3,	143,	'86',	'none',	0,	3,	0,	3,	'third-year',	'second-sem'),
(106,	3,	142,	'none',	'none',	0,	3,	0,	0,	'third-year',	'second-sem'),
(107,	3,	141,	'none',	'none',	0,	3,	0,	3,	'third-year',	'second-sem'),
(108,	3,	139,	'none',	'none',	0,	3,	0,	3,	'third-year',	'second-sem'),
(109,	3,	138,	'none',	'none',	0,	0,	0,	2,	'third-year',	'second-sem'),
(110,	3,	114,	'none',	'none',	0,	0,	0,	2,	'fourth-year',	'first-sem'),
(111,	3,	115,	'86',	'none',	0,	6,	0,	486,	'fourth-year',	'first-sem'),
(112,	3,	117,	'89',	'none',	1,	2,	3,	2,	'fourth-year',	'second-sem'),
(113,	3,	140,	'86',	'none',	1,	0,	3,	0,	'fourth-year',	'second-sem'),
(114,	3,	122,	'111',	'none',	1,	2,	3,	2,	'fourth-year',	'second-sem'),
(115,	3,	124,	'133',	'none',	1,	2,	3,	2,	'fourth-year',	'second-sem'),
(116,	3,	127,	'none',	'none',	0,	3,	0,	0,	'fourth-year',	'second-sem'),
(117,	3,	128,	'none',	'none',	0,	3,	0,	0,	'fourth-year',	'second-sem'),
(118,	3,	131,	'143',	'none',	0,	3,	0,	0,	'fourth-year',	'second-sem'),
(119,	3,	132,	'none',	'none',	0,	0,	0,	2,	'fourth-year',	'second-sem');

DROP TABLE IF EXISTS `programs`;
CREATE TABLE `programs` (
  `program_uid` int(11) NOT NULL AUTO_INCREMENT,
  `program_abbrev` varchar(40) DEFAULT NULL,
  `program_name` varchar(150) DEFAULT NULL,
  `college_uid` int(11) DEFAULT NULL,
  PRIMARY KEY (`program_uid`),
  KEY `college_uid` (`college_uid`),
  CONSTRAINT `programs_ibfk_1` FOREIGN KEY (`college_uid`) REFERENCES `colleges` (`college_uid`)
) ENGINE=InnoDB DEFAULT CHARSET=latin1;

INSERT INTO `programs` (`program_uid`, `program_abbrev`, `program_name`, `college_uid`) VALUES
(1,	'BSIT',	'Bachelor of Science in Information Technology',	1),
(2,	'DCT',	'Diploma of Computer Technology',	1),
(3,	'BSEE',	'Bachelor of Science in Electrical Engineering',	1);

DROP TABLE IF EXISTS `students`;
CREATE TABLE `students` (
  `student_uid` int(11) NOT NULL AUTO_INCREMENT,
  `student_schoolId` varchar(40) DEFAULT NULL,
  `student_yearLevel` varchar(40) DEFAULT NULL,
  `program_uid` int(11) DEFAULT NULL,
  `curriculum_uid` int(11) DEFAULT NULL,
  PRIMARY KEY (`student_uid`),
  KEY `programs_students` (`program_uid`),
  KEY `curriculums_students` (`curriculum_uid`),
  CONSTRAINT `curriculums_students` FOREIGN KEY (`curriculum_uid`) REFERENCES `curriculums` (`curriculum_uid`),
  CONSTRAINT `programs_students` FOREIGN KEY (`program_uid`) REFERENCES `programs` (`program_uid`)
) ENGINE=InnoDB DEFAULT CHARSET=latin1;

INSERT INTO `students` (`student_uid`, `student_schoolId`, `student_yearLevel`, `program_uid`, `curriculum_uid`) VALUES
(1,	'2015-0233',	'1st',	1,	1),
(2,	'2015-0469',	'4th',	1,	1),
(3,	'2015-0161',	'4th',	1,	1),
(4,	'2019-001',	'1st',	1,	1);

DROP TABLE IF EXISTS `students_subjects`;
CREATE TABLE `students_subjects` (
  `studSubj_uid` int(11) NOT NULL AUTO_INCREMENT,
  `student_uid` int(11) NOT NULL,
  `subject_uid` int(11) NOT NULL,
  `studSubj_remarks` varchar(25) NOT NULL,
  `studSubj_finalRemarks` varchar(25) NOT NULL,
  PRIMARY KEY (`studSubj_uid`),
  KEY `subject_uid` (`subject_uid`),
  KEY `student_uid` (`student_uid`),
  CONSTRAINT `students_subjects_ibfk_1` FOREIGN KEY (`subject_uid`) REFERENCES `subjects` (`subject_uid`),
  CONSTRAINT `students_subjects_ibfk_2` FOREIGN KEY (`student_uid`) REFERENCES `students` (`student_uid`)
) ENGINE=InnoDB DEFAULT CHARSET=latin1;

INSERT INTO `students_subjects` (`studSubj_uid`, `student_uid`, `subject_uid`, `studSubj_remarks`, `studSubj_finalRemarks`) VALUES
(1,	1,	8,	'2.5',	'2.5'),
(2,	1,	6,	'2.0',	'2.0'),
(3,	1,	9,	'1.75',	'1.75'),
(4,	1,	7,	'2.25',	'2.25'),
(5,	1,	4,	'1.50',	'1.50'),
(6,	1,	5,	'1.50',	'1.50'),
(7,	1,	11,	'1.75',	'1.75'),
(8,	1,	10,	'1.75',	'1.75'),
(9,	3,	6,	'3.0',	'3.0'),
(10,	3,	16,	'2',	'2'),
(11,	3,	26,	'3',	'3'),
(12,	3,	9,	'2',	'2'),
(13,	3,	18,	'2.75',	'2.75'),
(14,	3,	4,	'2.50',	'2.50'),
(15,	3,	5,	'3',	'3'),
(16,	3,	12,	'INC',	'3'),
(17,	3,	13,	'2.25',	'2.25'),
(18,	3,	30,	'2.75',	'2.75'),
(19,	3,	8,	'1.75',	'1.75'),
(20,	3,	17,	'2.50',	'2.50'),
(21,	3,	35,	'2.50',	'2.50'),
(22,	3,	47,	'2',	'2'),
(23,	3,	24,	'3',	'3'),
(24,	3,	15,	'1.50',	'1.50'),
(25,	3,	40,	'2.50',	'2.50'),
(26,	3,	43,	'2.50',	'2.50'),
(27,	3,	52,	'1.50',	'1.50'),
(28,	3,	59,	'2.75',	'2.75'),
(29,	3,	7,	'2.50',	'2.50'),
(30,	3,	14,	'3',	'3'),
(31,	3,	44,	'2.50',	'2.50'),
(32,	3,	66,	'2.25',	'2.25'),
(33,	3,	67,	'3',	'3'),
(34,	3,	46,	'INC',	''),
(35,	3,	62,	'2.75',	'2.75'),
(36,	3,	64,	'3',	'3'),
(37,	3,	23,	'2',	'2'),
(38,	3,	33,	'1.75',	'1.75'),
(39,	3,	10,	'2.50',	'2.50'),
(40,	3,	19,	'1.25',	'1.25'),
(41,	3,	27,	'1.75',	'1.75'),
(42,	3,	34,	'2',	'2'),
(43,	3,	11,	'1.50',	'1.50'),
(44,	3,	20,	'1.25',	'1.25'),
(45,	3,	21,	'2',	'2'),
(46,	3,	22,	'3',	'3'),
(47,	3,	25,	'2.25',	'2.25'),
(48,	3,	28,	'3',	'3'),
(49,	3,	29,	'3',	'3'),
(50,	3,	31,	'2.25',	'2.25'),
(51,	3,	32,	'3',	'3'),
(52,	3,	36,	'2.75',	'2.75'),
(53,	3,	37,	'2',	'2'),
(54,	3,	38,	'INC',	'3'),
(55,	3,	39,	'INC',	'3'),
(56,	3,	42,	'INC',	'2.50'),
(57,	3,	45,	'3',	'3'),
(58,	3,	48,	'2',	'2'),
(59,	3,	50,	'2.25',	'2.25'),
(60,	3,	51,	'2.25',	'2.25'),
(61,	3,	55,	'3',	'3'),
(62,	3,	57,	'2.50',	'2.50'),
(63,	3,	58,	'3',	'3'),
(64,	3,	63,	'2.25',	'2.25'),
(65,	3,	65,	'2',	'2'),
(66,	3,	53,	'2.75',	'2.75'),
(67,	3,	49,	'2.75',	'2.75'),
(68,	2,	4,	'INC',	''),
(69,	2,	5,	'INC',	''),
(70,	2,	6,	'INC',	''),
(71,	4,	72,	'3.00',	'3.00'),
(72,	4,	73,	'3.00',	'3.00'),
(73,	4,	74,	'3.00',	'3.00'),
(74,	4,	75,	'INC',	'');

DROP TABLE IF EXISTS `student_profile`;
CREATE TABLE `student_profile` (
  `studProf_uid` int(11) NOT NULL AUTO_INCREMENT,
  `studProf_fname` varchar(40) DEFAULT NULL,
  `studProf_mname` varchar(40) DEFAULT NULL,
  `studProf_lname` varchar(40) DEFAULT NULL,
  `studProf_age` int(11) DEFAULT NULL,
  `studProf_gender` varchar(40) DEFAULT NULL,
  `student_uid` int(11) DEFAULT NULL,
  PRIMARY KEY (`studProf_uid`),
  KEY `students_student_profile` (`student_uid`),
  CONSTRAINT `students_student_profile` FOREIGN KEY (`student_uid`) REFERENCES `students` (`student_uid`)
) ENGINE=InnoDB DEFAULT CHARSET=latin1;

INSERT INTO `student_profile` (`studProf_uid`, `studProf_fname`, `studProf_mname`, `studProf_lname`, `studProf_age`, `studProf_gender`, `student_uid`) VALUES
(1,	'jaymark',	'torrefiel',	'caton',	24,	'male',	1),
(2,	'vincent paul',	'cubero',	'alci',	22,	'male',	2),
(3,	'jhunry',	'maclay',	'duba',	22,	'male',	3),
(4,	'Reynald Mhylle',	'Alci',	'Duba',	24,	'male',	4);

DROP TABLE IF EXISTS `subjects`;
CREATE TABLE `subjects` (
  `subject_uid` int(11) NOT NULL AUTO_INCREMENT,
  `subject_code` varchar(40) DEFAULT NULL,
  `subject_desc` varchar(255) DEFAULT NULL,
  `subject_isActive` varchar(40) DEFAULT NULL,
  `subjCat_uid` int(11) DEFAULT NULL,
  `college_uid` int(11) DEFAULT NULL,
  PRIMARY KEY (`subject_uid`),
  KEY `subjCat_uid` (`subjCat_uid`),
  KEY `college_uid` (`college_uid`),
  CONSTRAINT `subjects_ibfk_1` FOREIGN KEY (`subjCat_uid`) REFERENCES `subjects_category` (`subjCat_uid`),
  CONSTRAINT `subjects_ibfk_2` FOREIGN KEY (`college_uid`) REFERENCES `colleges` (`college_uid`)
) ENGINE=InnoDB DEFAULT CHARSET=latin1;

INSERT INTO `subjects` (`subject_uid`, `subject_code`, `subject_desc`, `subject_isActive`, `subjCat_uid`, `college_uid`) VALUES
(1,	'elective',	'Elective',	'inactive',	10,	1),
(4,	'Math 1.7',	'College Algebra',	'active',	3,	1),
(5,	'Math 2.1',	'Plane Spherical Trigonometry',	'active',	3,	1),
(6,	'Eng 1',	'Study and Thinking Skills',	'active',	1,	1),
(7,	'IT 1',	'Computer Concept and Fundamentals',	'active',	8,	1),
(8,	'Acctg 1',	'Basic Accounting I',	'active',	4,	1),
(9,	'Fil 1 ',	'Komunikasyon sa Akademikong Filipino',	'active',	2,	1),
(10,	'PE 1 ',	'Physical Fitness',	'active',	12,	1),
(11,	'NSTP 1',	'CMT/LTS',	'active',	13,	1),
(12,	'Math 6.4',	'Analytic Geometry',	'active',	3,	1),
(13,	'Math 4',	'Advance Algebra',	'active',	3,	1),
(14,	'CSc 101',	'Fund. Of Problem Solving and Programming I',	'active',	8,	1),
(15,	'SocSci 4',	'Philippine History with New Constitution',	'active',	7,	1),
(16,	'Eng 2',	'Writing In the Discipline',	'active',	1,	1),
(17,	'Acctg 2',	'Basic Accounting II',	'active',	4,	1),
(18,	'Fil 2',	'Pagbasa at Pagsulat tungo sa Pananaliksik',	'active',	2,	1),
(19,	'PE 2',	'Rhythmatic Activities',	'active',	12,	1),
(20,	'NSTP 2',	'CMT/LTS',	'active',	13,	1),
(21,	'IT 18 ',	'Graphics Applications',	'active',	14,	1),
(22,	'CSc 121',	'Data Structures I',	'active',	14,	1),
(23,	'Philo 2 ',	'Introduction to Logic',	'active',	11,	1),
(24,	'ES 101 ',	'Fundamentals of Environmental Sciences',	'active',	6,	1),
(25,	'IT 100',	'Operating System Utilities and Application I',	'active',	14,	1),
(26,	'Eng 3',	'Speech and Oral Communication',	'active',	1,	1),
(27,	'PE 3',	'Individual & Dual Sports',	'active',	12,	1),
(28,	'IT 101',	'Operating System Utilities and Application II',	'active',	14,	1),
(29,	'CSc 122',	'Data Structures II',	'active',	14,	1),
(30,	'CSc 141',	'Discrete Mathematics for Scientist & Engineers',	'active',	3,	1),
(31,	'IT 110 ',	'Web Page Design and Development ',	'active',	14,	1),
(32,	'IT 106',	'Concept and Application of RDBMS I',	'active',	14,	1),
(33,	'Hum 1',	'Introduction to Humanities ',	'active',	11,	1),
(34,	'PE 4',	'Major Sports/ Team Sports',	'active',	12,	1),
(35,	'ES 1',	'Engineering Drawing ',	'active',	5,	1),
(36,	'CSc 130 ',	'System Analysis and Design',	'active',	14,	1),
(37,	'IT 4',	'Quality Consciousness, Processes and Habits ',	'active',	14,	1),
(38,	'IT 111',	'Advance Web Page Design and Development ',	'active',	14,	1),
(39,	'IT 107',	'Concept and Application of RDBMS II',	'active',	14,	1),
(40,	'SocSci 22',	'Life and Works of Rizal',	'active',	7,	1),
(42,	'CSc 110',	'COMPUTER ORGANIZATION AND ARCHITECTURE, AND ASSEMBLY PROGRAMMING',	'active',	14,	1),
(43,	'SocSci 5',	'GENERAL ECONOMICS W/ TAXATION & LR',	'active',	7,	1),
(44,	'IT 3',	'ETHICS FOR IT PROFESSIONALS',	'active',	8,	1),
(45,	'CSc 131',	'Software Engineering ',	'active',	14,	1),
(46,	'IT 198',	'Research Problem',	'active',	9,	1),
(47,	'ES 2',	'Computer - Aided Drafting ',	'active',	5,	1),
(48,	'ESM 171',	'Intro to Remote Sensing and GIS',	'active',	14,	1),
(49,	'IT 197',	'ON THE JOB TRAINING',	'active',	16,	1),
(50,	'IT 115',	'Networking Administration and Installation I',	'active',	14,	1),
(51,	'IT 131',	'Management of Information Systems',	'active',	14,	1),
(52,	'SocSci 1',	'Gen Sociology with Population Education',	'active',	7,	1),
(53,	'IT 5',	'Introduction to IT Entrepreneurship ',	'active',	15,	1),
(54,	'IT 199',	'Undergraduate Thesis or Project',	'active',	9,	1),
(55,	'IT 116 ',	'Networking Administration and Installation II',	'active',	14,	1),
(57,	'CSc 150',	'Object Oriented Programming',	'active',	14,	1),
(58,	'CSc 140',	'Introduction to Artificial Intelligence ',	'active',	14,	1),
(59,	'Soc Sci 6',	'General Psychology ',	'active',	7,	1),
(62,	'CSc 155',	'Introduction to Computer Graphics ',	'active',	10,	1),
(63,	'IT 125 ',	'Interactive Multimedia Authoring ',	'active',	14,	1),
(64,	'156',	'Advanced Assembly Programming ',	'active',	10,	1),
(65,	'IT 6',	'eWaste Management',	'active',	14,	1),
(66,	'EE40',	'Basic Electricity',	'active',	8,	1),
(67,	'ECE40',	'BASIC ELECTRONICS EQUIPMENT REPAIR & MAINTENANCE',	'active',	8,	1),
(68,	'ELECTIVE 5',	'Data Structure',	'active',	14,	1),
(69,	'ELECTIVE 6',	'Graphics Application',	'active',	14,	1),
(70,	'ELECTIVE 7',	'Interactive Multimedia Authoring',	'active',	14,	1),
(71,	'IT 19',	'Technical Presentation Skills in IT',	'active',	14,	1),
(72,	'CSC 101',	'Elementary Computational Analysis',	'active',	14,	1),
(73,	'CSC 102',	'Discrete Structures 1',	'active',	3,	1),
(74,	'ITE 10',	'Introduction to Computing',	'active',	14,	1),
(75,	'ITE 12',	'Fundamentals of Programming',	'active',	14,	1),
(76,	'STS ',	'Science Technology Society',	'active',	7,	1),
(77,	'SE 101',	'Orientation to University Life',	'active',	8,	1),
(78,	'ITE',	'Intermediate Programming',	'active',	14,	1),
(79,	'ITE 15',	'Social Issue and Professional Issues',	'active',	14,	1),
(80,	'IT 104',	' Networking 1',	'active',	14,	1),
(81,	'MMW ',	'Mathematics in the Modern World',	'active',	3,	1),
(82,	'UTS',	'Understanding the Self',	'active',	7,	1),
(83,	'SE 102',	'The Elements of Success',	'active',	7,	1),
(84,	'EEP 1',	'English Enhancement Program 1',	'active',	1,	1),
(85,	'ITE 16',	'Information Management',	'active',	14,	1),
(86,	'CSC 106',	'Software Engineering 1',	'active',	14,	1),
(87,	'PC',	'Purposive Communication',	'active',	1,	1),
(88,	'IS 106',	'Quantitative Methods',	'active',	8,	1),
(89,	'ITE 13',	'Intermediate Programming',	'active',	14,	1),
(90,	'TWC',	'The Contemporary World',	'active',	8,	1),
(91,	'Eth',	'Ethics',	'active',	14,	1),
(92,	'SE 104',	'Social Responsibility and Accountability',	'active',	7,	1),
(93,	'SE 102',	'The Elements of Success',	'active',	15,	1),
(94,	'ITE 14',	'Data Structures and Algorithms',	'active',	14,	1),
(95,	'CSC 104',	'Object-oriented Programming',	'active',	14,	1),
(96,	'IT 105',	'Networking 2',	'active',	14,	1),
(97,	'IT 108',	'Advanced Database Management Systems',	'active',	14,	1),
(98,	'IS 105',	'Organization and Management Concepts',	'active',	7,	1),
(99,	'IT 109',	'Systems Integration and Architecture 1',	'active',	14,	1),
(100,	'KomFil',	'Kontekstwalisadong Komunikasyon sa FIlipino',	'active',	2,	1),
(101,	'GENEL 1',	'General Education Elective',	'active',	7,	1),
(102,	'RPH ',	'Readings in the Philippine History',	'active',	11,	1),
(103,	'ArtApp',	'Art Appreciation',	'active',	7,	1),
(104,	'PROFEL 1',	'Professional Elective 1',	'active',	10,	1),
(105,	'SE 103',	'Intrapersonal and Interpersonal Skills',	'active',	15,	1),
(106,	'SE 105',	'Career Readiness 1',	'active',	8,	1),
(107,	'IT 112',	'Systems Administration and Maintenance ',	'active',	14,	1),
(108,	'ITE 17',	'ITE Technopreneurship',	'active',	15,	1),
(109,	'IT 106',	'Integrative Programming & Technologies 1',	'active',	8,	1),
(110,	'TCW',	'The Contemporary World',	'active',	6,	1),
(111,	'IT 107',	'Information Assurance and Security 1',	'active',	8,	1),
(112,	'IT 108',	'Advanced Database Management Systems',	'active',	8,	1),
(113,	'IT 1100',	'Web Systems and Technologies',	'active',	14,	1),
(114,	'SE 107',	'Pre- Employment Seminar 1',	'active',	15,	1),
(115,	'IT 198',	'OJT/Practicum',	'active',	14,	1),
(116,	'IS 104',	'Financial Management',	'active',	10,	1),
(117,	'ITE 18',	'Applications Development and Emerging Technologies',	'active',	14,	1),
(118,	'GE 124',	'Fundamentals of Geo-Information',	'active',	10,	1),
(119,	'IT 120',	'Integrative Programming Technologies 2',	'active',	10,	1),
(120,	'ITE 19',	'ITE Compentency Appraisal',	'active',	14,	1),
(121,	'IT 121',	'Systems Integration and Architecture 2',	'active',	10,	1),
(122,	'IT 113',	'Information Assurance and Security 2',	'active',	14,	1),
(123,	'IS 107',	'Business Intelligence',	'active',	10,	1),
(124,	'IT 114',	'Advanced Human and Computer Interaction',	'active',	14,	1),
(125,	'CSC 120',	'Intelligent Systems',	'active',	10,	1),
(126,	'CSC 122',	'Embedded Systems',	'active',	10,	1),
(127,	'PROFEL 3',	'Professional Elective 3',	'active',	10,	1),
(128,	'PROFEL 4',	'Professional Elective 4',	'active',	10,	1),
(129,	'CSC 123',	'Parallel and Distributed Computing',	'active',	10,	1),
(130,	'CSC 126',	'Graphics and Visual Computing',	'active',	10,	1),
(131,	'lT 199',	'Capstone Project and Research',	'active',	9,	1),
(132,	'SE 108',	'Pre-Employment Seminar 2',	'active',	8,	1),
(133,	'lT 101',	'Human Computer Interaction',	'active',	14,	1),
(134,	'lT 111',	'Platform Technologies',	'active',	14,	1),
(135,	'lT 109',	'Systems Integration and Architecture 1',	'active',	14,	1),
(136,	'lT 110',	'Web Systems and Technologies',	'active',	14,	1),
(137,	'GENEL 1',	'General Education Elective',	'active',	14,	1),
(138,	'SE 106',	'Career Readiness 2',	'active',	8,	1),
(139,	'LWR',	'Life & Works of Rizal',	'active',	8,	1),
(140,	'IT 9',	'ITE Competency Appraisal',	'inactive',	14,	1),
(141,	'FisDis',	'Filipino sa Ibat\'t Ibang Disiplina',	'active',	2,	1),
(142,	'PROFEL 2',	'Professional Elective 2',	'active',	8,	1),
(143,	'IT 197',	'Research Methods for ITE',	'active',	14,	1),
(144,	'IT 1999',	'Capstone Project and Research',	'active',	9,	1);

DROP TABLE IF EXISTS `subjects_category`;
CREATE TABLE `subjects_category` (
  `subjCat_uid` int(11) NOT NULL AUTO_INCREMENT,
  `subjCat_name` varchar(40) NOT NULL,
  PRIMARY KEY (`subjCat_uid`)
) ENGINE=InnoDB DEFAULT CHARSET=latin1;

INSERT INTO `subjects_category` (`subjCat_uid`, `subjCat_name`) VALUES
(1,	'ENGLISH'),
(2,	'FILIPINO'),
(3,	'MATHEMATICS'),
(4,	'ACCOUNTING'),
(5,	'DRAWING'),
(6,	'NATURAL SCIENCE'),
(7,	'SOCIAL SCIENCE'),
(8,	'CORE SUBJECTS'),
(9,	'RESEARCH'),
(10,	'ELECTIVE SUBJECT'),
(11,	'HUMANITIES'),
(12,	'PHYSICAL EDUCATION'),
(13,	'NSTP'),
(14,	'MAJOR SUBJECTS'),
(15,	'ENTREPRENEURSHIP'),
(16,	'OJT');

-- 2020-05-31 08:04:18
